Workbook

Sheet Tổng quan
B2: BÁO CÁO PHÂN TÍCH TASK H1/2026 (1 người phụ trách toàn bộ)
B3: Nguồn: task-h1-2026.xlsx · Đã soát và sửa 9 lỗi gõ ngày/tháng trong log gốc (xem sheet "Ghi chú dữ liệu")
B5: Tổng số task | D5: Tổng ngày mở (lịch, gồm cuối tuần) | F5: Tổng ngày công việc cộng dồn theo task | H5: Lưu ý
B6: =COUNTA('Dữ liệu chi tiết'!B2:B74) -> 73 | D6: =SUM('Dữ liệu chi tiết'!G2:G74) -> 279 | F6: =SUM('Dữ liệu chi tiết'!H2:H74) -> 202 | H6: Cộng dồn theo task sẽ CAO HƠN số ngày thực làm việc, vì 1 người vẫn có thể có log ở 2-3 task khác nhau trong CÙNG 1 NGÀY (xem hàng bên dưới và sheet "Trùng ngày song song").
B8: SỐ NGÀY LÀM VIỆC THỰC TẾ (đã loại trùng ngày giữa các task)
B9: Số ngày làm việc DUY NHẤT (unique) toàn giai đoạn | D9: Giai đoạn log trải dài (15/01 → 01/07/2026) | F9: Số ngày làm việc chuẩn T2-T6 khả dụng trong giai đoạn | H9: Tỷ lệ phủ ngày làm việc (T2-T6)
B10: 108 | D10: 168 | F10: 120 | H10: =B10/F10 -> 0.9
B13: PHÂN LOẠI THEO NHÓM CÔNG VIỆC (ngày công việc cộng dồn theo task)
B14: Nhóm công việc | C14: Cột lọc | D14: Số task | E14: Ngày công việc (cộng dồn) | F14: TB ngày/task
B15: Làm app mới | C15: I | D15: =COUNTIF('Dữ liệu chi tiết'!I2:I74,"X") -> 5 | E15: =SUMIF('Dữ liệu chi tiết'!I2:I74,"X",'Dữ liệu chi tiết'!H2:H74) -> 36 | F15: =IF(D15=0,0,E15/D15) -> 7.2
B16: Fix Policy | C16: J | D16: =COUNTIF('Dữ liệu chi tiết'!J2:J74,"X") -> 2 | E16: =SUMIF('Dữ liệu chi tiết'!J2:J74,"X",'Dữ liệu chi tiết'!H2:H74) -> 2 | F16: =IF(D16=0,0,E16/D16) -> 1
B17: Fix chỉ số ads | C17: K | D17: =COUNTIF('Dữ liệu chi tiết'!K2:K74,"X") -> 17 | E17: =SUMIF('Dữ liệu chi tiết'!K2:K74,"X",'Dữ liệu chi tiết'!H2:H74) -> 42 | F17: =IF(D17=0,0,E17/D17) -> 2.4705882
B18: Gắn quảng cáo / Ads | C18: L | D18: =COUNTIF('Dữ liệu chi tiết'!L2:L74,"X") -> 15 | E18: =SUMIF('Dữ liệu chi tiết'!L2:L74,"X",'Dữ liệu chi tiết'!H2:H74) -> 33 | F18: =IF(D18=0,0,E18/D18) -> 2.2
B19: Kịch bản MO | C19: M | D19: =COUNTIF('Dữ liệu chi tiết'!M2:M74,"X") -> 10 | E19: =SUMIF('Dữ liệu chi tiết'!M2:M74,"X",'Dữ liệu chi tiết'!H2:H74) -> 29 | F19: =IF(D19=0,0,E19/D19) -> 2.9
B20: Fix crash | C20: N | D20: =COUNTIF('Dữ liệu chi tiết'!N2:N74,"X") -> 7 | E20: =SUMIF('Dữ liệu chi tiết'!N2:N74,"X",'Dữ liệu chi tiết'!H2:H74) -> 15 | F20: =IF(D20=0,0,E20/D20) -> 2.1428571
B21: Tính năng mới / IAP | C21: O | D21: =COUNTIF('Dữ liệu chi tiết'!O2:O74,"X") -> 10 | E21: =SUMIF('Dữ liệu chi tiết'!O2:O74,"X",'Dữ liệu chi tiết'!H2:H74) -> 40 | F21: =IF(D21=0,0,E21/D21) -> 4
B22: SDK | C22: P | D22: =COUNTIF('Dữ liệu chi tiết'!P2:P74,"X") -> 4 | E22: =SUMIF('Dữ liệu chi tiết'!P2:P74,"X",'Dữ liệu chi tiết'!H2:H74) -> 6 | F22: =IF(D22=0,0,E22/D22) -> 1.5
B25: THEO THÁNG (ngày công việc cộng dồn theo task)
B26: Tháng | C26: Số task | D26: Ngày công việc (cộng dồn) | E26: TB ngày/task
B27: Tháng 1 | C27: =COUNTIF('Dữ liệu chi tiết'!Q2:Q74,"2026-01") -> 6 | D27: =SUMIF('Dữ liệu chi tiết'!Q2:Q74,"2026-01",'Dữ liệu chi tiết'!H2:H74) -> 18 | E27: =IF(C27=0,0,D27/C27) -> 3
B28: Tháng 2 | C28: =COUNTIF('Dữ liệu chi tiết'!Q2:Q74,"2026-02") -> 6 | D28: =SUMIF('Dữ liệu chi tiết'!Q2:Q74,"2026-02",'Dữ liệu chi tiết'!H2:H74) -> 25 | E28: =IF(C28=0,0,D28/C28) -> 4.1666667
B29: Tháng 3 | C29: =COUNTIF('Dữ liệu chi tiết'!Q2:Q74,"2026-03") -> 20 | D29: =SUMIF('Dữ liệu chi tiết'!Q2:Q74,"2026-03",'Dữ liệu chi tiết'!H2:H74) -> 47 | E29: =IF(C29=0,0,D29/C29) -> 2.35
B30: Tháng 4 | C30: =COUNTIF('Dữ liệu chi tiết'!Q2:Q74,"2026-04") -> 10 | D30: =SUMIF('Dữ liệu chi tiết'!Q2:Q74,"2026-04",'Dữ liệu chi tiết'!H2:H74) -> 29 | E30: =IF(C30=0,0,D30/C30) -> 2.9
B31: Tháng 5 | C31: =COUNTIF('Dữ liệu chi tiết'!Q2:Q74,"2026-05") -> 15 | D31: =SUMIF('Dữ liệu chi tiết'!Q2:Q74,"2026-05",'Dữ liệu chi tiết'!H2:H74) -> 38 | E31: =IF(C31=0,0,D31/C31) -> 2.5333333
B32: Tháng 6 | C32: =COUNTIF('Dữ liệu chi tiết'!Q2:Q74,"2026-06") -> 16 | D32: =SUMIF('Dữ liệu chi tiết'!Q2:Q74,"2026-06",'Dữ liệu chi tiết'!H2:H74) -> 45 | E32: =IF(C32=0,0,D32/C32) -> 2.8125

Sheet Dữ liệu chi tiết
A1: STT | B1: Mã task | C1: Mã app | D1: Mô tả công việc | E1: Ngày bắt đầu | F1: Ngày kết thúc | G1: Số ngày mở (lịch) | H1: Số ngày có log (task) | I1: Làm app mới | J1: Fix Policy | K1: Fix chỉ số ads | L1: Gắn quảng cáo/Ads | M1: Kịch bản MO | N1: Fix crash | O1: Tính năng mới/IAP | P1: SDK | Q1: Tháng | R1: Log chi tiết (đã soát lỗi ngày)
A2: 1 | B2: OA2049 | C2: A016 (B) | D2: Fix policy | E2: 46202 | F2: 46202 | G2: =F2-E2+1 -> 1 | H2: 1 | I2: =IF(OR(ISNUMBER(SEARCH("làm app mới",D2)),ISNUMBER(SEARCH("app mẫu",D2))),"X","") | J2: =IF(ISNUMBER(SEARCH("policy",D2)),"X","") -> X | K2: =IF(OR(ISNUMBER(SEARCH("chỉ số",D2)),ISNUMBER(SEARCH("show rate",D2)),ISNUMBER(SEARCH("showrate",D2)),ISNUMBER(SEARCH("impression",D2)),ISNUMBER(SEARCH("imp/new user",D2))),"X","") | L2: =IF(OR(ISNUMBER(SEARCH("quảng cáo",D2)),ISNUMBER(SEARCH("kịch bản ads",D2)),ISNUMBER(SEARCH("admob",D2)),ISNUMBER(SEARCH("turnoverads",D2)),ISNUMBER(SEARCH("turn over ads",D2))),"X","") | M2: =IF(ISNUMBER(SEARCH("kịch bản mo",D2)),"X","") | N2: =IF(ISNUMBER(SEARCH("crash",D2)),"X","") | O2: =IF(OR(ISNUMBER(SEARCH("iap",D2)),ISNUMBER(SEARCH("sub",D2)),ISNUMBER(SEARCH("tính năng",D2))),"X","") | P2: =IF(ISNUMBER(SEARCH("sdk",D2)),"X","") | Q2: =TEXT(E2,"yyyy-mm") -> 2026-06 | R2: 29/06: Remove Sub
A3: 2 | B3: OA2045 | C3: B143 | D3: Thêm next-gen SDK Fix crash B143 | E3: 46203 | F3: 46204 | G3: =F3-E3+1 -> 2 | H3: 1 | I3: =IF(OR(ISNUMBER(SEARCH("làm app mới",D3)),ISNUMBER(SEARCH("app mẫu",D3))),"X","") | J3: =IF(ISNUMBER(SEARCH("policy",D3)),"X","") | K3: =IF(OR(ISNUMBER(SEARCH("chỉ số",D3)),ISNUMBER(SEARCH("show rate",D3)),ISNUMBER(SEARCH("showrate",D3)),ISNUMBER(SEARCH("impression",D3)),ISNUMBER(SEARCH("imp/new user",D3))),"X","") | L3: =IF(OR(ISNUMBER(SEARCH("quảng cáo",D3)),ISNUMBER(SEARCH("kịch bản ads",D3)),ISNUMBER(SEARCH("admob",D3)),ISNUMBER(SEARCH("turnoverads",D3)),ISNUMBER(SEARCH("turn over ads",D3))),"X","") | M3: =IF(ISNUMBER(SEARCH("kịch bản mo",D3)),"X","") | N3: =IF(ISNUMBER(SEARCH("crash",D3)),"X","") -> X | O3: =IF(OR(ISNUMBER(SEARCH("iap",D3)),ISNUMBER(SEARCH("sub",D3)),ISNUMBER(SEARCH("tính năng",D3))),"X","") | P3: =IF(ISNUMBER(SEARCH("sdk",D3)),"X","") -> X | Q3: =TEXT(E3,"yyyy-mm") -> 2026-06 | R3: 30/06: Fix crash, Update next gen sdk
A4: 3 | B4: OA2039 | C4: B281 | D4: Thêm kịch bản ads in app Thêm text màn splash Thêm noti trong code khi user vào đến màn Home Thêm noti trong code khi user thoát khỏi app Sửa logic khi user ấn vào icon app B281 | E4: 46202 | F4: 46204 | G4: =F4-E4+1 -> 3 | H4: 3 | I4: =IF(OR(ISNUMBER(SEARCH("làm app mới",D4)),ISNUMBER(SEARCH("app mẫu",D4))),"X","") | J4: =IF(ISNUMBER(SEARCH("policy",D4)),"X","") | K4: =IF(OR(ISNUMBER(SEARCH("chỉ số",D4)),ISNUMBER(SEARCH("show rate",D4)),ISNUMBER(SEARCH("showrate",D4)),ISNUMBER(SEARCH("impression",D4)),ISNUMBER(SEARCH("imp/new user",D4))),"X","") | L4: =IF(OR(ISNUMBER(SEARCH("quảng cáo",D4)),ISNUMBER(SEARCH("kịch bản ads",D4)),ISNUMBER(SEARCH("admob",D4)),ISNUMBER(SEARCH("turnoverads",D4)),ISNUMBER(SEARCH("turn over ads",D4))),"X","") -> X | M4: =IF(ISNUMBER(SEARCH("kịch bản mo",D4)),"X","") | N4: =IF(ISNUMBER(SEARCH("crash",D4)),"X","") | O4: =IF(OR(ISNUMBER(SEARCH("iap",D4)),ISNUMBER(SEARCH("sub",D4)),ISNUMBER(SEARCH("tính năng",D4))),"X","") | P4: =IF(ISNUMBER(SEARCH("sdk",D4)),"X","") | Q4: =TEXT(E4,"yyyy-mm") -> 2026-06 | R4: 29/06: Init Project, Change Res Name, Add Ui 30/06: Build, Fix bug Done, Wait FB App ID 01/07: 6H có Fb Id, Publish SDK
A5: 4 | B5: OA2027 | C5: AS069 | D5: Fix bug ver trước Thêm UIUX của màn IAP5 Thêm UIUX của màn Home Thêm remote config Update key remote config | E5: 46198 | F5: 46199 | G5: =F5-E5+1 -> 2 | H5: 2 | I5: =IF(OR(ISNUMBER(SEARCH("làm app mới",D5)),ISNUMBER(SEARCH("app mẫu",D5))),"X","") | J5: =IF(ISNUMBER(SEARCH("policy",D5)),"X","") | K5: =IF(OR(ISNUMBER(SEARCH("chỉ số",D5)),ISNUMBER(SEARCH("show rate",D5)),ISNUMBER(SEARCH("showrate",D5)),ISNUMBER(SEARCH("impression",D5)),ISNUMBER(SEARCH("imp/new user",D5))),"X","") | L5: =IF(OR(ISNUMBER(SEARCH("quảng cáo",D5)),ISNUMBER(SEARCH("kịch bản ads",D5)),ISNUMBER(SEARCH("admob",D5)),ISNUMBER(SEARCH("turnoverads",D5)),ISNUMBER(SEARCH("turn over ads",D5))),"X","") | M5: =IF(ISNUMBER(SEARCH("kịch bản mo",D5)),"X","") | N5: =IF(ISNUMBER(SEARCH("crash",D5)),"X","") | O5: =IF(OR(ISNUMBER(SEARCH("iap",D5)),ISNUMBER(SEARCH("sub",D5)),ISNUMBER(SEARCH("tính năng",D5))),"X","") -> X | P5: =IF(ISNUMBER(SEARCH("sdk",D5)),"X","") | Q5: =TEXT(E5,"yyyy-mm") -> 2026-06 | R5: 25/06: Update Logic ADS, Fix bug Old Versin, Add New Config Home UI 26/06: Update UI IAP (11H 30 Build Test), Nghỉ chiều
A6: 5 | B6: OA2022 | C6: B230 | D6: Tối ưu showrate Fix Crash Thêm text màn Splash Thay đổi giá trị trong code Thay đổi noti khi vào Home Thay đổi noti khi thoát app Thêm config Thay đổi button Skip ads native full | E6: 46198 | F6: 46198 | G6: =F6-E6+1 -> 1 | H6: 1 | I6: =IF(OR(ISNUMBER(SEARCH("làm app mới",D6)),ISNUMBER(SEARCH("app mẫu",D6))),"X","") | J6: =IF(ISNUMBER(SEARCH("policy",D6)),"X","") | K6: =IF(OR(ISNUMBER(SEARCH("chỉ số",D6)),ISNUMBER(SEARCH("show rate",D6)),ISNUMBER(SEARCH("showrate",D6)),ISNUMBER(SEARCH("impression",D6)),ISNUMBER(SEARCH("imp/new user",D6))),"X","") -> X | L6: =IF(OR(ISNUMBER(SEARCH("quảng cáo",D6)),ISNUMBER(SEARCH("kịch bản ads",D6)),ISNUMBER(SEARCH("admob",D6)),ISNUMBER(SEARCH("turnoverads",D6)),ISNUMBER(SEARCH("turn over ads",D6))),"X","") | M6: =IF(ISNUMBER(SEARCH("kịch bản mo",D6)),"X","") | N6: =IF(ISNUMBER(SEARCH("crash",D6)),"X","") -> X | O6: =IF(OR(ISNUMBER(SEARCH("iap",D6)),ISNUMBER(SEARCH("sub",D6)),ISNUMBER(SEARCH("tính năng",D6))),"X","") | P6: =IF(ISNUMBER(SEARCH("sdk",D6)),"X","") | Q6: =TEXT(E6,"yyyy-mm") -> 2026-06 | R6: 25/06: Fix Show Rate, Fix crash, Update Noti,Add Feature Logic, (Start 10H-> 15H ) Test Pass
A7: 6 | B7: OA2018 | C7: A093 (B) | D7: Fix policy review version mới A093 (B) | E7: 46197 | F7: 46197 | G7: =F7-E7+1 -> 1 | H7: 1 | I7: =IF(OR(ISNUMBER(SEARCH("làm app mới",D7)),ISNUMBER(SEARCH("app mẫu",D7))),"X","") | J7: =IF(ISNUMBER(SEARCH("policy",D7)),"X","") -> X | K7: =IF(OR(ISNUMBER(SEARCH("chỉ số",D7)),ISNUMBER(SEARCH("show rate",D7)),ISNUMBER(SEARCH("showrate",D7)),ISNUMBER(SEARCH("impression",D7)),ISNUMBER(SEARCH("imp/new user",D7))),"X","") | L7: =IF(OR(ISNUMBER(SEARCH("quảng cáo",D7)),ISNUMBER(SEARCH("kịch bản ads",D7)),ISNUMBER(SEARCH("admob",D7)),ISNUMBER(SEARCH("turnoverads",D7)),ISNUMBER(SEARCH("turn over ads",D7))),"X","") | M7: =IF(ISNUMBER(SEARCH("kịch bản mo",D7)),"X","") | N7: =IF(ISNUMBER(SEARCH("crash",D7)),"X","") | O7: =IF(OR(ISNUMBER(SEARCH("iap",D7)),ISNUMBER(SEARCH("sub",D7)),ISNUMBER(SEARCH("tính năng",D7))),"X","") | P7: =IF(ISNUMBER(SEARCH("sdk",D7)),"X","") | Q7: =TEXT(E7,"yyyy-mm") -> 2026-06 | R7: 24/06: Update Ui Fix policy (Start 11H -> 14H Done)
A8: 7 | B8: OA2006 | C8: B176 | D8: Fix crash Tối ưu showrate Thêm text màn Splash Thêm config B176 | E8: 46197 | F8: 46198 | G8: =F8-E8+1 -> 2 | H8: 3 | I8: =IF(OR(ISNUMBER(SEARCH("làm app mới",D8)),ISNUMBER(SEARCH("app mẫu",D8))),"X","") | J8: =IF(ISNUMBER(SEARCH("policy",D8)),"X","") | K8: =IF(OR(ISNUMBER(SEARCH("chỉ số",D8)),ISNUMBER(SEARCH("show rate",D8)),ISNUMBER(SEARCH("showrate",D8)),ISNUMBER(SEARCH("impression",D8)),ISNUMBER(SEARCH("imp/new user",D8))),"X","") -> X | L8: =IF(OR(ISNUMBER(SEARCH("quảng cáo",D8)),ISNUMBER(SEARCH("kịch bản ads",D8)),ISNUMBER(SEARCH("admob",D8)),ISNUMBER(SEARCH("turnoverads",D8)),ISNUMBER(SEARCH("turn over ads",D8))),"X","") | M8: =IF(ISNUMBER(SEARCH("kịch bản mo",D8)),"X","") | N8: =IF(ISNUMBER(SEARCH("crash",D8)),"X","") -> X | O8: =IF(OR(ISNUMBER(SEARCH("iap",D8)),ISNUMBER(SEARCH("sub",D8)),ISNUMBER(SEARCH("tính năng",D8))),"X","") | P8: =IF(ISNUMBER(SEARCH("sdk",D8)),"X","") | Q8: =TEXT(E8,"yyyy-mm") -> 2026-06 | R8: 24/06: (Start 14H30) Fix crash, Add New config feature, 25/06: Test Pass (11H), (Store hết mạng) 26/06: Store Off
A9: 8 | B9: OA2003 | C9: B126 | D9: Thêm điều hướng app khi click vào quảng cáo Thêm next gen SDK Admob | E9: 46196 | F9: 46196 | G9: =F9-E9+1 -> 1 | H9: 1 | I9: =IF(OR(ISNUMBER(SEARCH("làm app mới",D9)),ISNUMBER(SEARCH("app mẫu",D9))),"X","") | J9: =IF(ISNUMBER(SEARCH("policy",D9)),"X","") | K9: =IF(OR(ISNUMBER(SEARCH("chỉ số",D9)),ISNUMBER(SEARCH("show rate",D9)),ISNUMBER(SEARCH("showrate",D9)),ISNUMBER(SEARCH("impression",D9)),ISNUMBER(SEARCH("imp/new user",D9))),"X","") | L9: =IF(OR(ISNUMBER(SEARCH("quảng cáo",D9)),ISNUMBER(SEARCH("kịch bản ads",D9)),ISNUMBER(SEARCH("admob",D9)),ISNUMBER(SEARCH("turnoverads",D9)),ISNUMBER(SEARCH("turn over ads",D9))),"X","") -> X | M9: =IF(ISNUMBER(SEARCH("kịch bản mo",D9)),"X","") | N9: =IF(ISNUMBER(SEARCH("crash",D9)),"X","") | O9: =IF(OR(ISNUMBER(SEARCH("iap",D9)),ISNUMBER(SEARCH("sub",D9)),ISNUMBER(SEARCH("tính năng",D9))),"X","") | P9: =IF(ISNUMBER(SEARCH("sdk",D9)),"X","") -> X | Q9: =TEXT(E9,"yyyy-mm") -> 2026-06 | R9: 23/06: Add TurnOverAds, Add Next Gen SDK
A10: 9 | B10: OA1998 | C10: B269 | D10: Gắn kịch bản MO Thêm noti trong code khi user vào đến màn Home Thêm noti trong code khi user thoát ra ngoài app Sửa logic khi user ấn vào icon app B269 | E10: 46195 | F10: 46197 | G10: =F10-E10+1 -> 3 | H10: 3 | I10: =IF(OR(ISNUMBER(SEARCH("làm app mới",D10)),ISNUMBER(SEARCH("app mẫu",D10))),"X","") | J10: =IF(ISNUMBER(SEARCH("policy",D10)),"X","") | K10: =IF(OR(ISNUMBER(SEARCH("chỉ số",D10)),ISNUMBER(SEARCH("show rate",D10)),ISNUMBER(SEARCH("showrate",D10)),ISNUMBER(SEARCH("impression",D10)),ISNUMBER(SEARCH("imp/new user",D10))),"X","") | L10: =IF(OR(ISNUMBER(SEARCH("quảng cáo",D10)),ISNUMBER(SEARCH("kịch bản ads",D10)),ISNUMBER(SEARCH("admob",D10)),ISNUMBER(SEARCH("turnoverads",D10)),ISNUMBER(SEARCH("turn over ads",D10))),"X","") | M10: =IF(ISNUMBER(SEARCH("kịch bản mo",D10)),"X","") -> X | N10: =IF(ISNUMBER(SEARCH("crash",D10)),"X","") | O10: =IF(OR(ISNUMBER(SEARCH("iap",D10)),ISNUMBER(SEARCH("sub",D10)),ISNUMBER(SEARCH("tính năng",D10))),"X","") | P10: =IF(ISNUMBER(SEARCH("sdk",D10)),"X","") | Q10: =TEXT(E10,"yyyy-mm") -> 2026-06 | R10: 22/06: Add Native Feature, Inter, Reward Ad, Rate, Noti lock Screen, 23/06: Translate, Build Test(10 Build) 24/06: Fix Bug Release, Pass test ADS
A11: 10 | B11: OA1985 | C11: B136 | D11: Thêm skip ads ở màn splash Fix chỉ số ads Sửa nút GET Start ở màn OB4 trơn tru mượt mà hơn Fix event B136 | E11: 46192 | F11: 46192 | G11: =F11-E11+1 -> 1 | H11: 1 | I11: =IF(OR(ISNUMBER(SEARCH("làm app mới",D11)),ISNUMBER(SEARCH("app mẫu",D11))),"X","") | J11: =IF(ISNUMBER(SEARCH("policy",D11)),"X","") | K11: =IF(OR(ISNUMBER(SEARCH("chỉ số",D11)),ISNUMBER(SEARCH("show rate",D11)),ISNUMBER(SEARCH("showrate",D11)),ISNUMBER(SEARCH("impression",D11)),ISNUMBER(SEARCH("imp/new user",D11))),"X","") -> X | L11: =IF(OR(ISNUMBER(SEARCH("quảng cáo",D11)),ISNUMBER(SEARCH("kịch bản ads",D11)),ISNUMBER(SEARCH("admob",D11)),ISNUMBER(SEARCH("turnoverads",D11)),ISNUMBER(SEARCH("turn over ads",D11))),"X","") | M11: =IF(ISNUMBER(SEARCH("kịch bản mo",D11)),"X","") | N11: =IF(ISNUMBER(SEARCH("crash",D11)),"X","") | O11: =IF(OR(ISNUMBER(SEARCH("iap",D11)),ISNUMBER(SEARCH("sub",D11)),ISNUMBER(SEARCH("tính năng",D11))),"X","") | P11: =IF(ISNUMBER(SEARCH("sdk",D11)),"X","") | Q11: =TEXT(E11,"yyyy-mm") -> 2026-06 | R11: 19/06: Add Skip Inter, Fix Ads Number, Add Padding text Next
A12: 11 | B12: OA1971 | C12: B074 | D12: Update thêm data cho phần AI Photo - Up lại tất cả data của AI Photo lên server => dùng API để fetch data json: ảnh thumb, prompt, categories - Thêm 1 key ở remote config để điều chỉnh API data | E12: 46190 | F12: 46191 | G12: =F12-E12+1 -> 2 | H12: 3 | I12: =IF(OR(ISNUMBER(SEARCH("làm app mới",D12)),ISNUMBER(SEARCH("app mẫu",D12))),"X","") | J12: =IF(ISNUMBER(SEARCH("policy",D12)),"X","") | K12: =IF(OR(ISNUMBER(SEARCH("chỉ số",D12)),ISNUMBER(SEARCH("show rate",D12)),ISNUMBER(SEARCH("showrate",D12)),ISNUMBER(SEARCH("impression",D12)),ISNUMBER(SEARCH("imp/new user",D12))),"X","") | L12: =IF(OR(ISNUMBER(SEARCH("quảng cáo",D12)),ISNUMBER(SEARCH("kịch bản ads",D12)),ISNUMBER(SEARCH("admob",D12)),ISNUMBER(SEARCH("turnoverads",D12)),ISNUMBER(SEARCH("turn over ads",D12))),"X","") | M12: =IF(ISNUMBER(SEARCH("kịch bản mo",D12)),"X","") | N12: =IF(ISNUMBER(SEARCH("crash",D12)),"X","") | O12: =IF(OR(ISNUMBER(SEARCH("iap",D12)),ISNUMBER(SEARCH("sub",D12)),ISNUMBER(SEARCH("tính năng",D12))),"X","") | P12: =IF(ISNUMBER(SEARCH("sdk",D12)),"X","") | Q12: =TEXT(E12,"yyyy-mm") -> 2026-06 | R12: 17/06: Export content, add remote json, update ui, 18/06: Build chờ test (10H build) 19/06: Mo& Po Pass test
A13: 12 | B13: OA1928 | C13: AS080 | D13: Fix crash Thêm điều hướng app sau khi thoát bởi quảng cáo Thêm logic auto next ở inter splash AS080 | E13: 46182 | F13: 46183 | G13: =F13-E13+1 -> 2 | H13: 2 | I13: =IF(OR(ISNUMBER(SEARCH("làm app mới",D13)),ISNUMBER(SEARCH("app mẫu",D13))),"X","") | J13: =IF(ISNUMBER(SEARCH("policy",D13)),"X","") | K13: =IF(OR(ISNUMBER(SEARCH("chỉ số",D13)),ISNUMBER(SEARCH("show rate",D13)),ISNUMBER(SEARCH("showrate",D13)),ISNUMBER(SEARCH("impression",D13)),ISNUMBER(SEARCH("imp/new user",D13))),"X","") | L13: =IF(OR(ISNUMBER(SEARCH("quảng cáo",D13)),ISNUMBER(SEARCH("kịch bản ads",D13)),ISNUMBER(SEARCH("admob",D13)),ISNUMBER(SEARCH("turnoverads",D13)),ISNUMBER(SEARCH("turn over ads",D13))),"X","") -> X | M13: =IF(ISNUMBER(SEARCH("kịch bản mo",D13)),"X","") | N13: =IF(ISNUMBER(SEARCH("crash",D13)),"X","") -> X | O13: =IF(OR(ISNUMBER(SEARCH("iap",D13)),ISNUMBER(SEARCH("sub",D13)),ISNUMBER(SEARCH("tính năng",D13))),"X","") | P13: =IF(ISNUMBER(SEARCH("sdk",D13)),"X","") | Q13: =TEXT(E13,"yyyy-mm") -> 2026-06 | R13: 09/06: Fix crash, Add logic Auto back, add Skip Inter Build (15H30),Test Pass 10/06: Test pass Sign Apk
... A74: 73 | B74: OA1225 | C74: A095 (B) | D74: Thêm tính năng yêu cầu user kết nối internet mới có thể sử dụng app | E74: 46027 | F74: 46027 | G74: =F74-E74+1 -> 1 | H74: 0 | I74: =IF(OR(ISNUMBER(SEARCH("làm app mới",D74)),ISNUMBER(SEARCH("app mẫu",D74))),"X","") | J74: =IF(ISNUMBER(SEARCH("policy",D74)),"X","") | K74: =IF(OR(ISNUMBER(SEARCH("chỉ số",D74)),ISNUMBER(SEARCH("show rate",D74)),ISNUMBER(SEARCH("showrate",D74)),ISNUMBER(SEARCH("impression",D74)),ISNUMBER(SEARCH("imp/new user",D74))),"X","") | L74: =IF(OR(ISNUMBER(SEARCH("quảng cáo",D74)),ISNUMBER(SEARCH("kịch bản ads",D74)),ISNUMBER(SEARCH("admob",D74)),ISNUMBER(SEARCH("turnoverads",D74)),ISNUMBER(SEARCH("turn over ads",D74))),"X","") | M74: =IF(ISNUMBER(SEARCH("kịch bản mo",D74)),"X","") | N74: =IF(ISNUMBER(SEARCH("crash",D74)),"X","") | O74: =IF(OR(ISNUMBER(SEARCH("iap",D74)),ISNUMBER(SEARCH("sub",D74)),ISNUMBER(SEARCH("tính năng",D74))),"X","") -> X | P74: =IF(ISNUMBER(SEARCH("sdk",D74)),"X","") | Q74: =TEXT(E74,"yyyy-mm") -> 2026-01 | R74: Thêm popup Internet, fix bug

Sheet Trùng ngày song song
B2: CÁC NGÀY 1 NGƯỜI GHI NHẬN THAO TÁC TRÊN 2 TASK CÙNG LÚC (sau khi đã sửa lỗi ngày tháng)
B3: 111 cặp ngày trùng · 71 ngày cả hai phía đều có thao tác thật (không phải chờ/nghỉ). Đây chính là lý do "ngày công việc cộng dồn theo task" (200) cao hơn "ngày làm việc thực tế" (108).
B5: Ngày | C5: Mã task A | D5: App A | E5: Thao tác task A | F5: Mã task B | G5: App B | H5: Thao tác task B | I5: Cả hai đều làm thật?
B6: 46038 | C6: OA1304 | D6: B070 | E6: Init ads | F6: OA1266 | G6: TAS001 (B) | H6: Buidl test | I6: Có
B7: 46041 | C7: OA1304 | D7: B070 | E7: Finish Ad Script | F7: OA1266 | G7: TAS001 (B) | H7: Fix bug | I7: Có
B8: 46048 | C8: OA1327 | D8: A062 (B) | E8: Thay AdUnit | F8: OA1299 | G8: AS069 | H8: Add Url, File, Storage | I8: Có
B9: 46052 | C9: OA1331 | D9: A159 | E9: Fix bug | F9: OA1299 | G9: AS069 | H9: Fix bug | I9: Có
B10: 46055 | C10: OA1358 | D10: B073 | E10: Fix chỉ số ads, fix drop user | F10: OA1331 | G10: A159 | H10: Fix bug | I10: Có
B11: 46055 | C11: OA1331 | D11: A159 | E11: Fix bug | F11: OA1299 | G11: AS069 | H11: Fix bug | I11: Có
B12: 46055 | C12: OA1358 | D12: B073 | E12: Fix chỉ số ads, fix drop user | F12: OA1299 | G12: AS069 | H12: Fix bug | I12: Có
B13: 46057 | C13: OA1358 | D13: B073 | E13: Fix bug | F13: OA1346 | G13: A112 (B) | H13: Update new flow UFO, | I13: Có
B14: 46058 | C14: OA1358 | D14: B073 | E14: Fix bug | F14: OA1346 | G14: A112 (B) | H14: Update logic ads, Fix bug | I14: Có
B15: 46058 | C15: OA1373 | D15: B295 | E15: Init Ads, Ufo Ad | F15: OA1346 | G15: A112 (B) | H15: Update logic ads, Fix bug | I15: Có
B16: 46058 | C16: OA1373 | D16: B295 | E16: Init Ads, Ufo Ad | F16: OA1358 | G16: B073 | H16: Fix bug | I16: Có
B17: 46064 | C17: OA1373 | D17: B295 | E17: Fix IAP | F17: OA1346 | G17: A112 (B) | H17: Build SignApk | I17: Có
... B116: 46203 | C116: OA2045 | D116: B143 | E116: Fix crash, Update next gen sdk | F116: OA2039 | G116: B281 | H116: Build, Fix bug Done, Wait FB App ID | I116: Không (1 bên chờ/nghỉ)

Sheet Ghi chú dữ liệu
B2: CÁC LỖI GÕ NGÀY/THÁNG ĐÃ PHÁT HIỆN VÀ SỬA TRONG LOG GỐC
B3: Đã đối chiếu với khoảng ngày mở (start-end) của từng task để xác nhận và sửa trực tiếp trong cột Log chi tiết ở sheet "Dữ liệu chi tiết".
B5: Mã task | C5: App | D5: Ngày gốc (nghi sai) | E5: Đã sửa thành | F5: Căn cứ xác nhận
B6: OA1875 | C6: A093 (B) | D6: 11/04 | E6: 11/06 | F6: Nằm giữa log 10/06 và 12/06, task diễn ra trong tháng 06
B7: OA1803 | C7: A115 | D7: 25/04, 26/04 | E7: 25/05, 26/05 | F7: Task có start/end nằm trong tháng 05 (20-26/05)
B8: OA1767 | C8: A091 (B) | D8: 25/04, 26/04 | E8: 25/05, 26/05 | F8: Task có start/end nằm trong tháng 05 (18-26/05)
B9: OA1331 | C9: A159 | D9: 29/10, 30/10 | E9: 29/01, 30/01 | F9: Task có start/end nằm trong tháng 01 (29/01-02/02)
B10: OA1346 | C10: A112 (B) | D10: (06/10) | E10: (06/02) | F10: Task có start/end nằm trong tháng 02 (04-11/02)
B11: OA1547 | C11: B143 | D11: 30/02 | E11: 30/03 | F11: Tháng 2 không có ngày 30; task có start/end 27/03-03/04
B12: OA1985 | C12: B136 | D12: 19/19 | E12: 19/06 | F12: Định dạng "dd/mm" không hợp lệ; task diễn ra 19/06
B13: OA1775 | C13: AS082 | D13: 13/04, 14/10 | E13: 13/05, 14/05 | F13: Task có start/end là 13-14/05
B14: OA2027 | C14: AS069 | D14: 25/05, 26/02 | E14: 25/06, 26/06 | F14: Task có start/end là 25-26/06
